{"health/predator_0":99,"_step":10,"health/std":0.4330127018922193,"health/max":100,"health/predator_1":100,"health/prey_1":100,"episode_index":9,"_wandb":{"runtime":1245},"_runtime":1245.967779359,"total_reward_mean":-3.791746458189544,"_timestamp":1.7516210295759585e+09,"total_reward_std":1.0968067907565218,"health/prey_0":100,"health/min":99,"health/mean":99.75}