{"_timestamp":1.7516137575237417e+09,"_runtime":405.323991944,"_step":10,"episode_index":9,"_wandb":{"runtime":405},"total_reward_mean":-72.1113746409552,"total_reward_std":96.35802238445268,"gif":{"size":5984394,"path":"media/videos/gif_9_09e3c266a4a2b3cf70e9.gif","_type":"video-file","sha256":"09e3c266a4a2b3cf70e98b16a7313821e870762e7b6905daabe39fde563c0302"}}