{"reward/prey_1":-87.43402598495732,"reward/predator_2":-61.3647791271927,"_timestamp":1.7528234436369495e+09,"reward/predator_0":-118.42015578883412,"health/prey_4":97,"total_reward_mean":-91.59023213373864,"reward/predator_4":-103.84710067684317,"reward/prey_0":-97.34498286857877,"_step":9,"health/std":51.36818868716319,"health/prey_0":98,"episode_gif":{"_type":"video-file","sha256":"3815758074623611f24e4f4130de881b4f24c21300f8d7b4d5573c7759b8da52","size":21403966,"path":"media/videos/episode_gif_9_3815758074623611f24e.gif"},"health/predator_2":151,"health/predator_4":100,"health/predator_1":110,"total_reward_std":51.34965800071622,"health/mean":93.601,"_wandb":{"runtime":792},"reward/prey_2":-26.24950511712312,"health/prey_3":0,"health/min":0,"health/predator_0":100,"health/predator_3":161,"reward/predator_1":-92.41234120467733,"episode_index":9,"reward/prey_4":-223.00778690153842,"health/prey_2":0,"reward/prey_3":-53.6091015882624,"_runtime":792.795093616,"health/max":161,"health/prey_1":119.01,"reward/predator_3":-52.21254207937902,"episode_steps":4467}