{
  "timestamp": "20251004_175817",
  "total_anomalies": 0,
  "anomaly_types": {},
  "critical_anomalies": [],
  "all_anomalies": [],
  "stats_summary": {
    "prey_0/reward_mean": {
      "mean": 0.0,
      "std": 0.0,
      "min": 0.0,
      "max": 0.0,
      "count": 5
    },
    "prey_0/reward_std": {
      "mean": 0.0,
      "std": 0.0,
      "min": 0.0,
      "max": 0.0,
      "count": 5
    },
    "prey_0/returns_mean": {
      "mean": 0.5629057884216309,
      "std": 0.9451953768730164,
      "min": -0.3691405653953552,
      "max": 2.362480401992798,
      "count": 5
    },
    "prey_0/critic_output_mean": {
      "mean": 0.1876709757372737,
      "std": 0.18084085251119528,
      "min": -0.01020315382629633,
      "max": 0.4106506109237671,
      "count": 5
    },
    "prey_0/critic_output_std": {
      "mean": 0.11528413537889719,
      "std": 0.05428653271427641,
      "min": 0.01352179516106844,
      "max": 0.1670323610305786,
      "count": 5
    },
    "prey_0/td_error_mean": {
      "mean": 1.425864863395691,
      "std": 0.7064518708077483,
      "min": 0.2061617374420166,
      "max": 2.397905111312866,
      "count": 5
    },
    "prey_0/td_error_max": {
      "mean": 4.317783904075623,
      "std": 2.1245200671072184,
      "min": 0.5610049962997437,
      "max": 6.696428298950195,
      "count": 5
    },
    "prey_0/loss_loss": {
      "mean": 0.00299236517414011,
      "std": 0.02434113436035408,
      "min": -0.03255327315596135,
      "max": 0.04104552710694926,
      "count": 5
    },
    "prey_0/loss_loss/clip": {
      "mean": -0.007923236019449414,
      "std": 0.0029308076754252237,
      "min": -0.011639617104083299,
      "max": -0.004491049873278193,
      "count": 5
    },
    "prey_0/loss_loss/vf": {
      "mean": 3.9268557005616267,
      "std": 2.6596203036205632,
      "min": 0.02933025718059229,
      "max": 8.02341171673366,
      "count": 5
    },
    "prey_0/loss_loss/ent": {
      "mean": 2.8352955577425334,
      "std": 0.002572875906693275,
      "min": 2.8328567470823014,
      "max": 2.839963200688362,
      "count": 5
    },
    "prey_0/actor/grad_norm": {
      "mean": 0.29531657089555274,
      "std": 0.009190388666630665,
      "min": 0.276936618423053,
      "max": 0.29999932880412844,
      "count": 5
    },
    "prey_0/critic/grad_norm": {
      "mean": 0.0047038423253293205,
      "std": 0.00448416283813582,
      "min": 0.00034672326111332417,
      "max": 0.01209993891398882,
      "count": 5
    },
    "prey_1/reward_mean": {
      "mean": -0.020673576897404088,
      "std": 0.04172624384077137,
      "min": -0.06420360855308133,
      "max": 0.03963409240905773,
      "count": 5
    },
    "prey_1/reward_std": {
      "mean": 0.8425526176515923,
      "std": 0.18882888551916932,
      "min": 0.6176739589481274,
      "max": 1.075867161731001,
      "count": 5
    },
    "prey_1/returns_mean": {
      "mean": -0.1063060313463211,
      "std": 1.1981545686721802,
      "min": -1.9429138898849487,
      "max": 1.2070417404174805,
      "count": 5
    },
    "prey_1/critic_output_mean": {
      "mean": -0.17480601072311402,
      "std": 0.10380795863868013,
      "min": -0.34396350383758545,
      "max": -0.06848767399787903,
      "count": 5
    },
    "prey_1/critic_output_std": {
      "mean": 0.11425924636423587,
      "std": 0.05578307116368204,
      "min": 0.020330162718892097,
      "max": 0.17703518271446228,
      "count": 5
    },
    "prey_1/td_error_mean": {
      "mean": 2.496995949745178,
      "std": 0.6060069115006185,
      "min": 1.3730956315994263,
      "max": 3.2043251991271973,
      "count": 5
    },
    "prey_1/td_error_max": {
      "mean": 11.347719812393189,
      "std": 8.100497373446542,
      "min": 3.244873285293579,
      "max": 26.63917350769043,
      "count": 5
    },
    "prey_1/loss_loss": {
      "mean": 0.07109639385177158,
      "std": 0.05317704541218968,
      "min": -0.018062153485204492,
      "max": 0.12982509774155915,
      "count": 5
    },
    "prey_1/loss_loss/clip": {
      "mean": -0.008676903510985207,
      "std": 0.0022044976555546597,
      "min": -0.011191579792648555,
      "max": -0.005493498455800126,
      "count": 5
    },
    "prey_1/loss_loss/vf": {
      "mean": 10.807037338159098,
      "std": 5.244792570477385,
      "min": 2.132710828099932,
      "max": 16.928084862232208,
      "count": 5
    },
    "prey_1/loss_loss/ent": {
      "mean": 2.829707426961905,
      "std": 0.0019596619183773274,
      "min": 2.8264168709516526,
      "max": 2.8316363062177388,
      "count": 5
    },
    "prey_1/actor/grad_norm": {
      "mean": 0.2577588104465765,
      "std": 0.05428785992485034,
      "min": 0.15689248649198428,
      "max": 0.2999817766235436,
      "count": 5
    },
    "prey_1/critic/grad_norm": {
      "mean": 0.01252277635352711,
      "std": 0.010348954149659318,
      "min": 0.0032388133275854693,
      "max": 0.02882514611823129,
      "count": 5
    }
  }
}