{"reward/prey_0":-1.30963188004168,"total_reward_std":41.887009172966096,"health/predator_2":175.01999999999998,"reward/predator_3":-51.840944253798135,"reward/prey_2":-41.84465023924539,"_wandb":{"runtime":397},"health/min":0,"health/predator_1":137.07000000000005,"reward/prey_1":-26.880016253587264,"_step":9,"health/max":175.01999999999998,"health/prey_2":0,"_timestamp":1.7522111792882607e+09,"reward/predator_0":-84.42003267548412,"episode_steps":3531,"health/prey_0":0,"reward/prey_3":-57.516109352274015,"health/prey_1":0,"_runtime":397.151776034,"episode_gif":{"size":11496569,"path":"media/videos/episode_gif_9_6dc8480ac43776f101d1.gif","_type":"video-file","sha256":"6dc8480ac43776f101d11a8a15e1da79f250300dcef55588172efec0e0fd8be3"},"health/prey_4":0,"health/prey_3":0,"health/predator_3":155,"reward/prey_4":-150.69964677222973,"reward/predator_4":-116.58899264799678,"health/predator_0":120.04000000000002,"reward/predator_1":-63.451314060765434,"reward/predator_2":-34.52598206678223,"health/mean":69.513,"health/std":71.5529281091976,"episode_index":9,"total_reward_mean":-62.90773202022048,"health/predator_4":108}