{"total_reward_mean":-123.49045270690655,"total_reward_std":59.50118233464865,"_timestamp":1.7515438464926772e+09,"_wandb":{"runtime":59},"_runtime":59.200643139,"_step":0,"episode_index":9}