{"_step":10,"episode_index":9,"health/predator_0":100,"_wandb":{"runtime":472},"_runtime":472.544376682,"health/min":100,"health/predator_1":100,"health/mean":100,"total_reward_std":1.2709114842879667,"health/max":100,"health/std":0,"_timestamp":1.7516188530881925e+09,"total_reward_mean":-3.3453665026778334,"health/prey_0":100,"health/prey_1":100}