{"health/predator_0":101,"health/predator_1":122.02000000000001,"total_reward_mean":-124.09553294535522,"_step":9,"health/std":10.461840182300632,"health/prey_0":96,"_runtime":196.023738779,"_wandb":{"runtime":196},"health/mean":108.50999999999999,"reward/prey_1":-203.07169443480612,"health/min":96,"reward/prey_0":-110.1109373867328,"_timestamp":1.7522106651609292e+09,"health/prey_1":115.02000000000001,"health/max":122.02000000000001,"total_reward_std":47.431089951743935,"episode_gif":{"_type":"video-file","sha256":"4457be56b49fbde16f75b66efd95e085d38cc4f6c9bfbbe92265fff02cf7a43d","size":4121235,"path":"media/videos/episode_gif_9_4457be56b49fbde16f75.gif"},"episode_index":9,"episode_steps":2004,"reward/predator_0":-106.66756930499622,"reward/predator_1":-76.53193065488574}