episode,episode_reward,acc_reward_ema
1,33.62980434465054,33.62980434465054
2,30.216322185456896,33.28845612873117
3,3.213990979918327,30.281009613849886
4,-0.40419631867751304,27.212489020597143
5,29.840709779117233,27.475311096449154
