{"health/max":100,"health/predator_0":100,"_wandb":{"runtime":30399},"health/min":100,"total_reward_std":1.334423550373154,"_timestamp":1.7521202950478978e+09,"health/prey_0":100,"health/predator_1":100,"health/prey_1":100,"health/mean":100,"episode_index":9,"_step":10,"health/std":0,"_runtime":30399.521824371,"total_reward_mean":-1.975715175047203}