{"_step":0,"episode_index":9,"total_reward_mean":-40.38219764628728,"total_reward_std":113.83001500529056,"_wandb":{"runtime":81339},"_timestamp":1.7510102402435193e+09,"_runtime":0.804086396}