{"health/prey_1":100,"health/predator_1":100,"episode_index":9,"_runtime":26.179583662,"health/predator_0":100,"_wandb":{"runtime":26},"total_reward_mean":-3.1740777273458396,"health/std":0.4330127018922193,"health/prey_0":99,"health/mean":99.75,"health/max":100,"health/min":99,"_step":10,"_timestamp":1.7522043115146236e+09,"total_reward_std":0.8798885410150433}